time,flux
1.0,0.0
2.0,0.0
3.0,0.0
4.0,0.0
5.0,0.0
6.0,0.0
7.0,0.0
8.0,0.0
9.0,0.0
10.0,0.0
11.0,1.069810242268947e-261
12.0,2.280251866884446e-212
13.0,1.6196975494104045e-170
14.0,1.1701649776998473e-134
15.0,7.520104466671491e-104
16.0,1.7804657682914373e-77
17.0,3.837896396826228e-55
18.0,1.2117462103640733e-36
19.0,5.5830464436737305e-22
20.0,1.547899225833049e-11
21.0,2.655096298414179e-07
22.0,6.679174422576552e-05
23.0,0.0015278164110459345
24.0,0.012437126615841494
25.0,0.030852212192186198
26.0,0.0565357997455234
27.0,0.09024594008324516
28.0,0.13415503258616168
29.0,0.187190974864096
30.0,0.24519191466340334
31.0,0.31059166543771266
32.0,0.38846389819122357
33.0,0.4757047560613706
34.0,0.5665105518799173
35.0,0.6638862418160056
36.0,0.7750367310175823
37.0,0.8970441185787752
38.0,1.021094562111867
39.0,1.1498799043686212
40.0,1.2934926515191418
41.0,1.4498695453365824
42.0,1.6085344836656945
43.0,1.7688411730221252
44.0,1.943949169026359
45.0,2.135039521717101
46.0,2.328381600846653
47.0,2.5206331885416264
48.0,2.7270415211607704
49.0,2.951884210308585
50.0,3.180754671403384
