time,flux
1.0,0.0
2.0,0.0
3.0,0.0
4.0,0.0
5.0,0.0
6.0,0.0
7.0,0.0
8.0,0.0
9.0,0.0
10.0,0.0
11.0,0.0
12.0,0.0
13.0,0.0
14.0,0.0
15.0,0.0
16.0,0.0
17.0,0.0
18.0,0.0
19.0,0.0
20.0,2.240963316022154e-284
21.0,1.0135496715621978e-245
22.0,1.2320100310649375e-210
23.0,9.048846409285982e-179
24.0,7.476446786459055e-150
25.0,1.1170986385760428e-123
26.0,4.2979479481624806e-100
27.0,5.441008137506571e-79
28.0,2.6026798669559627e-60
29.0,4.787280399563771e-44
30.0,2.9264448736175888e-30
31.0,3.8813017278311974e-19
32.0,3.594505318597315e-11
33.0,5.4570114372377344e-08
34.0,2.690586693429985e-06
35.0,5.790555297821321e-05
36.0,0.0008700799429416416
37.0,0.005288068688657423
38.0,0.011769633087157349
39.0,0.021589244620552703
40.0,0.03480583442610659
41.0,0.05121175827726804
42.0,0.06978050973386529
43.0,0.09109768755419745
44.0,0.11616965182670315
45.0,0.1453082198037958
46.0,0.17571437039805915
47.0,0.20837537335338518
48.0,0.2454835984091724
49.0,0.2869105235264075
50.0,0.32968365064589245
